{
  "n": 24,
  "overall": {
    "mrr": 0.25808140142021724,
    "ndcg10": 0.2781948942133681,
    "recall@1": 0.20833333333333334,
    "success@1": 0.20833333333333334,
    "recall@3": 0.25,
    "success@3": 0.25,
    "recall@5": 0.25,
    "success@5": 0.25,
    "recall@10": 0.375,
    "success@10": 0.375,
    "recall@20": 0.5416666666666666,
    "success@20": 0.5416666666666666
  },
  "breakdowns": {
    "lang": {
      "en": {
        "n": 7,
        "mrr": 0.03273809523809524,
        "ndcg10": 0.05088674101543174,
        "recall@1": 0,
        "success@1": 0,
        "recall@3": 0,
        "success@3": 0,
        "recall@5": 0,
        "success@5": 0,
        "recall@10": 0.14285714285714285,
        "success@10": 0.14285714285714285,
        "recall@20": 0.2857142857142857,
        "success@20": 0.2857142857142857
      },
      "mixed": {
        "n": 11,
        "mrr": 0.5292663476874003,
        "ndcg10": 0.5442851764254072,
        "recall@1": 0.45454545454545453,
        "success@1": 0.45454545454545453,
        "recall@3": 0.5454545454545454,
        "success@3": 0.5454545454545454,
        "recall@5": 0.5454545454545454,
        "success@5": 0.5454545454545454,
        "recall@10": 0.6363636363636364,
        "success@10": 0.6363636363636364,
        "recall@20": 0.9090909090909091,
        "success@20": 0.9090909090909091
      },
      "ko": {
        "n": 6,
        "mrr": 0.023809523809523808,
        "ndcg10": 0.05555555555555555,
        "recall@1": 0,
        "success@1": 0,
        "recall@3": 0,
        "success@3": 0,
        "recall@5": 0,
        "success@5": 0,
        "recall@10": 0.16666666666666666,
        "success@10": 0.16666666666666666,
        "recall@20": 0.16666666666666666,
        "success@20": 0.16666666666666666
      }
    },
    "query_type": {
      "keywords": {
        "n": 13,
        "mrr": 0.4636374590321959,
        "ndcg10": 0.48619002107790865,
        "recall@1": 0.38461538461538464,
        "success@1": 0.38461538461538464,
        "recall@3": 0.46153846153846156,
        "success@3": 0.46153846153846156,
        "recall@5": 0.46153846153846156,
        "success@5": 0.46153846153846156,
        "recall@10": 0.6153846153846154,
        "success@10": 0.6153846153846154,
        "recall@20": 0.9230769230769231,
        "success@20": 0.9230769230769231
      },
      "topic": {
        "n": 1,
        "mrr": 0.16666666666666666,
        "ndcg10": 0.3562071871080222,
        "recall@1": 0,
        "success@1": 0,
        "recall@3": 0,
        "success@3": 0,
        "recall@5": 0,
        "success@5": 0,
        "recall@10": 1,
        "success@10": 1,
        "recall@20": 1,
        "success@20": 1
      },
      "text": {
        "n": 10,
        "mrr": 0,
        "ndcg10": 0,
        "recall@1": 0,
        "success@1": 0,
        "recall@3": 0,
        "success@3": 0,
        "recall@5": 0,
        "success@5": 0,
        "recall@10": 0,
        "success@10": 0,
        "recall@20": 0,
        "success@20": 0
      }
    },
    "difficulty": {
      "easy": {
        "n": 9,
        "mrr": 0.4916283764967976,
        "ndcg10": 0.5210600578268172,
        "recall@1": 0.4444444444444444,
        "success@1": 0.4444444444444444,
        "recall@3": 0.4444444444444444,
        "success@3": 0.4444444444444444,
        "recall@5": 0.4444444444444444,
        "success@5": 0.4444444444444444,
        "recall@10": 0.6666666666666666,
        "success@10": 0.6666666666666666,
        "recall@20": 0.8888888888888888,
        "success@20": 0.8888888888888888
      },
      "med": {
        "n": 7,
        "mrr": 0.25275689223057646,
        "ndcg10": 0.2838767058113542,
        "recall@1": 0.14285714285714285,
        "success@1": 0.14285714285714285,
        "recall@3": 0.2857142857142857,
        "success@3": 0.2857142857142857,
        "recall@5": 0.2857142857142857,
        "success@5": 0.2857142857142857,
        "recall@10": 0.42857142857142855,
        "success@10": 0.42857142857142855,
        "recall@20": 0.7142857142857143,
        "success@20": 0.7142857142857143
      },
      "hard": {
        "n": 8,
        "mrr": 0,
        "ndcg10": 0,
        "recall@1": 0,
        "success@1": 0,
        "recall@3": 0,
        "success@3": 0,
        "recall@5": 0,
        "success@5": 0,
        "recall@10": 0,
        "success@10": 0,
        "recall@20": 0,
        "success@20": 0
      }
    },
    "hard_case": {
      "none": {
        "n": 14,
        "mrr": 0.4424252595775152,
        "ndcg10": 0.47690553293720245,
        "recall@1": 0.35714285714285715,
        "success@1": 0.35714285714285715,
        "recall@3": 0.42857142857142855,
        "success@3": 0.42857142857142855,
        "recall@5": 0.42857142857142855,
        "success@5": 0.42857142857142855,
        "recall@10": 0.6428571428571429,
        "success@10": 0.6428571428571429,
        "recall@20": 0.9285714285714286,
        "success@20": 0.9285714285714286
      },
      "surface-token-0": {
        "n": 3,
        "mrr": 0,
        "ndcg10": 0,
        "recall@1": 0,
        "success@1": 0,
        "recall@3": 0,
        "success@3": 0,
        "recall@5": 0,
        "success@5": 0,
        "recall@10": 0,
        "success@10": 0,
        "recall@20": 0,
        "success@20": 0
      },
      "cross-lingual": {
        "n": 5,
        "mrr": 0,
        "ndcg10": 0,
        "recall@1": 0,
        "success@1": 0,
        "recall@3": 0,
        "success@3": 0,
        "recall@5": 0,
        "success@5": 0,
        "recall@10": 0,
        "success@10": 0,
        "recall@20": 0,
        "success@20": 0
      },
      "synonym": {
        "n": 2,
        "mrr": 0,
        "ndcg10": 0,
        "recall@1": 0,
        "success@1": 0,
        "recall@3": 0,
        "success@3": 0,
        "recall@5": 0,
        "success@5": 0,
        "recall@10": 0,
        "success@10": 0,
        "recall@20": 0,
        "success@20": 0
      }
    }
  },
  "asof": "2026-06-16T12:00:00.000Z",
  "goldset": "eval/goldset/phase1.json"
}